char_id,product_id,name
1,46349,Jewelery
2,50651,bypassing
3,640,forecast
4,89700,parse
5,48346,Practical Rubber Gloves
6,66743,invoice
7,53526,Quality
8,32095,Virtual
9,6142,Liaison
10,38483,Toys
11,89401,South Dakota
12,99170,seamless
13,95796,Antigua and Barbuda
14,23395,navigating
15,11007,Lead
16,35645,deposit
17,12465,facilitate
18,89450,back up
19,92139,Hryvnia
20,51166,algorithm
21,32951,Regional
22,98008,engage
23,45805,Concrete
24,78713,Pula
25,16943,Frozen
26,56001,olive
27,49401,Interactions
28,38531,Inlet
29,64490,Concrete
30,44633,B2C
31,11318,wireless
32,78893,directional
33,67354,Metrics
34,1996,Avon
35,33135,microchip
36,26233,incubate
37,12429,Team-oriented
38,57279,CSS
39,65185,digital
40,96962,Bedfordshire
41,75950,Communications
42,51402,Metrics
43,44492,Bacon
44,37064,Fantastic Steel Soap
45,82165,Tuna
46,68284,ADP
47,37519,Kuwaiti Dinar
48,88072,Computers
49,85734,Checking Account
50,54037,National
51,72783,Rufiyaa
52,10015,Chilean Peso Unidades de fomento
53,77880,Lari
54,73881,Face to face
55,21504,networks
56,24320,directional
57,7858,utilisation
58,75057,Forint
59,12598,optical
60,54780,overriding
61,81303,GB
62,84412,Steel
63,22743,1080p
64,42967,olive
65,46151,Awesome
66,24157,Plastic
67,32277,Savings Account
68,51469,system
69,32949,disintermediate
70,73901,circuit
71,62173,parsing
72,80203,compressing
73,41851,Money Market Account
74,54348,task-force
75,18721,Credit Card Account
76,32563,real-time
77,42077,payment
78,21009,mission-critical
79,70753,payment
80,31261,Fresh
81,20142,Island
82,81865,real-time
83,82846,sky blue
84,6674,1080p
85,47707,Serbia
86,95945,optical
87,26492,AGP
88,96142,bypass
89,58316,reboot
90,45763,Soft
91,41046,invoice
92,87632,transmitting
93,38897,Tennessee
94,90985,COM
95,3583,Solomon Islands
96,97526,infomediaries
97,49962,Small Granite Fish
98,79261,world-class
99,1872,override
100,6248,Iowa
101,20900,Rhode Island
102,40068,Viaduct
103,14389,protocol
104,79764,Secured
105,63654,copy
106,70781,alarm
107,88832,Chief
108,62331,transitional
109,9565,Chicken
110,50028,Outdoors
111,38810,Auto Loan Account
112,94447,benchmark
113,7992,Buckinghamshire
114,70525,Fresh
115,40674,Borders
116,52222,quantify
117,10103,Mouse
118,85770,copy
119,42881,deposit
120,31994,Future
121,8290,Manager
122,36446,Frozen
123,85684,Soft
124,96132,RAM
125,16880,invoice
126,14833,Handcrafted
127,13741,Practical Cotton Towels
128,31256,payment
129,99714,definition
130,91271,magnetic
131,81548,Intelligent Steel Fish
132,87294,SDD
133,28498,cyan
134,46415,Handmade
135,5759,hybrid
136,26980,navigating
137,5041,Heard Island and McDonald Islands
138,92289,generate
139,18027,Outdoors
140,99256,Cambridgeshire
141,50292,Buckinghamshire
142,48945,primary
143,39642,Avon
144,63044,Unbranded Cotton Chips
145,41438,CSS
146,17533,SMTP
147,40926,Direct
148,83037,redundant
149,79331,Regional
150,29743,Berkshire
151,10500,Concrete
152,60103,COM
153,74549,Unbranded
154,69459,Investment Account
155,74579,ubiquitous
156,6914,Decentralized
157,28073,out-of-the-box
158,64199,silver
159,42600,integrated
160,55359,Brunei Darussalam
161,71192,User-friendly
162,88958,Directives
163,84169,e-business
164,96257,Multi-lateral
165,86136,attitude
166,86046,Personal Loan Account
167,66842,Ball
168,89468,Electronics
169,19919,South Dakota
170,81010,Manager
171,24705,transmitting
172,26816,Berkshire
173,89422,Sleek Steel Hat
174,48023,bluetooth
175,26501,Shirt
176,24996,Berkshire
177,76093,SDD
178,65834,Cloned
179,30192,Handmade Concrete Chips
180,80792,Chief
181,11295,revolutionary
182,50624,Texas
183,52635,National
184,8518,Kids
185,30238,Executive
186,47112,Borders
187,48698,engage
188,23602,Colorado
189,34493,Illinois
190,15465,productize
191,44279,Grocery
192,15680,protocol
193,56519,Extensions
194,68131,extranet
195,55648,Legacy
196,97497,CSS
197,34856,Officer
198,31748,Cheese
199,57390,web services
200,98314,protocol
201,95303,lavender
202,70937,payment
203,53220,hard drive
204,73228,Savings Account
205,88837,Handcrafted
206,41783,Innovative
207,44120,tan
208,92800,attitude
209,86948,Awesome Wooden Bacon
210,1615,Sleek Plastic Sausages
211,46872,matrices
212,56561,Bike
213,25503,generate
214,55435,Berkshire
215,73750,Tasty
216,48346,Computer
217,12193,program
218,37264,Industrial
219,80998,Direct
220,19269,Group
221,79966,proactive
222,93663,Unbranded
223,30209,Granite
224,72595,Micronesia
225,34603,Tunnel
226,20898,implement
227,38498,Uganda
228,17624,hack
229,6425,pixel
230,62136,Gorgeous
231,16177,copying
232,26345,Berkshire
233,73382,interface
234,42479,deposit
235,90938,convergence
236,92214,Health
237,80576,groupware
238,95849,Sudan
239,98582,Chips
240,54478,olive
241,2840,Cotton
242,20093,Handcrafted
243,62313,Handmade
244,6219,deliverables
245,63756,Cape Verde Escudo
246,3033,hack
247,42098,Supervisor
248,79353,connect
249,80472,interactive
250,70889,tan
251,22934,Supervisor
252,26841,copying
253,71549,Quetzal
254,21543,Refined
255,36812,intermediate
256,4478,salmon
257,74409,Unbranded
258,84891,Gloves
259,13402,JBOD
260,77142,Canadian Dollar
261,75098,redundant
262,82659,Buckinghamshire
263,9184,copy
264,11201,Operations
265,66330,Kids
266,37739,vertical
267,68,Unbranded Metal Ball
268,18305,input
269,35685,Berkshire
270,53158,primary
271,20474,Licensed Soft Bike
272,96808,payment
273,53921,Saudi Arabia
274,85844,monitor
275,92632,bypassing
276,93718,Keyboard
277,65279,solid state
278,47163,Sharable
279,48468,Cambridgeshire
280,62951,Representative
281,92799,card
282,50421,hack
283,29420,Home Loan Account
284,22059,deposit
285,98326,Salad
286,79119,monetize
287,62249,New Jersey
288,33431,solid state
289,93477,Communications
290,1454,unleash
291,43439,transition
292,42829,Shoes
293,30493,quantifying
294,96931,Producer
295,63007,Licensed
296,94591,black
297,91798,Nepalese Rupee
298,88907,Buckinghamshire
299,60635,payment
300,44834,Kids
301,67318,explicit
302,29569,Bedfordshire
303,6961,Organic
304,70425,Trail
305,67854,Bike
306,3721,Generic Granite Chair
307,48732,redundant
308,24858,Pants
309,51497,Guinea
310,10167,International
311,73873,program
312,92078,New York
313,51895,generating
314,19530,Parkways
315,98785,Steel
316,1368,portals
317,82105,Marketing
318,92159,convergence
319,23145,District
320,40473,Internal
321,97581,Berkshire
322,34829,Borders
323,92599,Keyboard
324,92122,Associate
325,47746,Awesome Steel Table
326,65829,circuit
327,48602,Buckinghamshire
328,94803,Soft
329,30548,Chief
330,72515,transmitting
331,89066,Handcrafted Metal Soap
332,80560,Cambridgeshire
333,3308,content
334,21247,portals
335,53129,Small
336,24496,Tools
337,77683,invoice
338,68943,calculate
339,4347,Synergistic
340,41927,Corporate
341,99391,Movies
342,59453,Investor
343,96711,parsing
344,60267,holistic
345,82807,Computer
346,60981,Dynamic
347,625,panel
348,84025,Berkshire
349,79485,open-source
350,53563,Tactics
351,99729,project
352,18098,Montserrat
353,62729,Baby
354,22331,Metal
355,48062,Buckinghamshire
356,20969,interface
357,84945,user-centric
358,98203,override
359,59353,Chief
360,17270,Auto Loan Account
361,99831,Sleek Frozen Chicken
362,90783,cutting-edge
363,25130,needs-based
364,41312,whiteboard
365,37068,next generation
366,4799,deposit
367,67498,Investment Account
368,13532,Cove
369,5917,copying
370,91978,Persevering
371,22867,global
372,75456,Senior
373,53379,transmitting
374,62381,open-source
375,99138,Buckinghamshire
376,78317,Web
377,73837,context-sensitive
378,37806,grid-enabled
379,91404,Function-based
380,94894,Som
381,82779,alarm
382,92924,Djibouti Franc
383,62446,strategy
384,8137,niches
385,87476,parsing
386,12220,mission-critical
387,44577,intangible
388,6364,hacking
389,99096,program
390,72578,Implementation
391,15635,Clothing
392,63252,real-time
393,37259,ROI
394,59081,Underpass
395,1752,hack
396,85699,Dynamic
397,94572,Global
398,88986,Sports
399,1190,solid state
400,17560,infrastructures
401,16749,Montana
402,65350,index
403,4249,Fresh
404,84967,experiences
405,83752,Gourde US Dollar
406,50146,methodologies
407,7301,pixel
408,12262,Kids
409,4236,mobile
410,24998,teal
411,41482,Distributed
412,76410,payment
413,10023,Auto Loan Account
414,2262,utilize
415,46699,parsing
416,34343,Court
417,39855,International
418,14359,composite
419,19728,Monaco
420,16043,incremental
421,50038,Multi-channelled
422,83483,black
423,5342,Designer
424,86888,Ergonomic Steel Pizza
425,31431,Designer
426,44966,TCP
427,26216,hacking
428,58497,Trail
429,27188,generate
430,18683,program
431,52867,Fantastic
432,12818,Chief
433,35317,real-time
434,52414,streamline
435,97244,Ethiopian Birr
436,63765,Handmade
437,14300,Intelligent Fresh Chips
438,88988,Swedish Krona
439,55057,Pizza
440,71673,Gorgeous Metal Bike
441,35623,overriding
442,61755,clicks-and-mortar
443,602,Towels
444,95032,black
445,23584,paradigms
446,90817,Rustic
447,53556,Soft
448,67545,models
449,99197,Dynamic
450,48735,Intelligent Plastic Bike
451,81579,programming
452,72805,Global
453,65887,hacking
454,92503,Fresh
455,71404,invoice
456,64668,Guinea
457,71245,Principal
458,81264,leverage
459,62027,Singapore Dollar
460,96425,monitor
461,19433,Track
462,37885,deploy
463,31307,Right-sized
464,44499,hard drive
465,50441,navigate
466,23506,niches
467,90378,Streets
468,38455,e-enable
469,42079,back up
470,30088,Japan
471,35708,Sausages
472,23210,Kentucky
473,42690,Investment Account
474,20803,Fully-configurable
475,57536,mesh
476,15130,Toys
477,47643,back-end
478,50612,system engine
479,29610,online
480,23227,Facilitator
481,94917,Cotton
482,16973,withdrawal
483,4017,Rustic Rubber Fish
484,12520,deposit
485,20753,Division
486,89477,seize
487,86128,Baby
488,85537,Dynamic
489,6194,calculate
490,41498,Sierra Leone
491,17731,Data
492,67783,National
493,909,impactful
494,9629,online
495,86702,niches
496,4935,model
497,1290,Outdoors
498,86339,online
499,52095,Fresh
500,95701,Kids
501,32970,Auto Loan Account
502,43640,transition
503,50296,indexing
504,99243,circuit
505,53021,Cheese
506,90656,Cambridgeshire
507,59569,transmitting
508,54756,methodologies
509,10288,Berkshire
510,50400,Movies
511,25168,Sleek
512,58554,deploy
513,81740,access
514,61796,Comoros
515,20839,Handmade
516,26018,initiative
517,33915,PCI
518,32194,connecting
519,2810,Orchestrator
520,69344,Somoni
521,15249,Flat
522,99051,Tokelau
523,24474,Ergonomic
524,85541,Savings Account
525,66844,synthesizing
526,60353,backing up
527,25252,Jamaican Dollar
528,11468,Idaho
529,77231,Kansas
530,96240,repurpose
531,4009,exuding
532,81520,Buckinghamshire
533,9019,Ergonomic Rubber Keyboard
534,98958,Creek
535,37657,Avon
536,8310,override
537,56069,utilize
538,46396,Assurance
539,62434,Networked
540,30075,override
541,22423,New Jersey
542,3146,Savings Account
543,56803,Soft
544,97773,application
545,83057,Horizontal
546,77627,robust
547,65752,convergence
548,52436,Dynamic
549,7233,XML
550,69010,Seamless
551,13898,wireless
552,46600,generate
553,31060,Delaware
554,3362,Practical
555,16815,Credit Card Account
556,81382,Senior
557,76822,efficient
558,64689,olive
559,70518,Corporate
560,83920,South Georgia and the South Sandwich Islands
561,6658,withdrawal
562,72962,quantify
563,63418,Illinois
564,21948,payment
565,94854,CFA Franc BCEAO
566,37481,Tasty
567,147,intuitive
568,22360,Saudi Arabia
569,97671,Granite
570,63142,Agent
571,14304,Soft
572,24809,Investment Account
573,52177,Steel
574,81209,data-warehouse
575,81230,Borders
576,98072,Avon
577,20643,Analyst
578,25832,Bermudian Dollar (customarily known as Bermuda Dollar)
579,11964,e-markets
580,89560,Configuration
581,70900,utilisation
582,31976,Borders
583,93348,Optimization
584,63121,back up
585,68934,Compatible
586,41339,web-readiness
587,88441,Macedonia
588,73431,Research
589,48407,payment
590,72351,Corporate
591,18679,California
592,46415,Bedfordshire
593,94478,regional
594,12171,JBOD
595,36631,Unbranded
596,75013,bifurcated
597,15516,logistical
598,93983,HDD
599,90867,customized
600,48910,compressing
601,18365,Cuban Peso Peso Convertible
602,94506,seize
603,41952,neural
604,577,Brand
605,62092,invoice
606,3711,Consultant
607,44018,expedite
608,1589,Chief
609,92686,Shoes
610,57725,Quality
611,1363,array
612,52994,Passage
613,24179,virtual
614,24868,Fresh
615,97250,partnerships
616,84457,Frozen
617,97482,clicks-and-mortar
618,98912,value-added
619,98478,monitor
620,61363,teal
621,74467,Supervisor
622,36144,Argentina
623,14665,Avon
624,25012,open system
625,28370,North Dakota
626,63582,tan
627,11748,Bahamian Dollar
628,78898,mobile
629,63946,Square
630,96318,Personal Loan Account
631,83760,Nauru
632,19287,Auto Loan Account
633,67469,payment
634,99047,algorithm
635,18969,Checking Account
636,78165,Front-line
637,59734,XSS
638,69036,middleware
639,11844,SMTP
640,56065,Avon
641,80324,JSON
642,58132,envisioneer
643,99633,Savings Account
644,45387,parse
645,49001,hack
646,48410,withdrawal
647,95390,Refined Plastic Chair
648,48270,Personal Loan Account
649,16313,Concrete
650,9108,generate
651,27293,Falkland Islands Pound
652,39933,e-commerce
653,51574,auxiliary
654,16716,parsing
655,65830,Rustic
656,66675,Buckinghamshire
657,29590,solid state
658,23466,olive
659,18048,Path
660,11884,Gibraltar Pound
661,89263,Program
662,51328,RAM
663,20051,maroon
664,12571,models
665,50214,artificial intelligence
666,53188,generating
667,2307,cross-platform
668,17380,cross-media
669,99062,upward-trending
670,70099,ADP
671,79120,deposit
672,30700,Ergonomic
673,38362,red
674,64085,Heights
675,5590,Massachusetts
676,53680,deposit
677,92529,pricing structure
678,26811,Networked
679,72580,Malaysia
680,40938,Car
681,40676,copying
682,30922,Ergonomic
683,67966,XSS
684,44175,Director
685,8075,dynamic
686,93333,Junction
687,47546,Shoes
688,64195,revolutionize
689,28952,supply-chains
690,99796,Fundamental
691,55878,connect
692,63137,navigating
693,43174,infrastructures
694,86139,lavender
695,52429,Awesome Steel Hat
696,5801,Handcrafted
697,16773,Keyboard
698,82645,Generic Soft Table
699,59495,payment
700,36161,reboot
701,81704,1080p
702,62342,silver
703,27035,Agent
704,95667,Nebraska
705,16820,dynamic
706,13857,Checking Account
707,48724,e-business
708,40512,Computer
709,50315,Principal
710,35785,Generic Cotton Computer
711,21321,Direct
712,62821,Refined Plastic Salad
713,26864,architectures
714,41274,array
715,39178,architectures
716,64458,Savings Account
717,10530,partnerships
718,52713,black
719,580,Garden
720,97115,Sleek Plastic Pants
721,85651,Specialist
722,62864,algorithm
723,99644,Credit Card Account
724,73254,Stravenue
725,59019,metrics
726,42015,compress
727,33021,array
728,31958,modular
729,82807,Wooden
730,38847,Investment Account
731,88190,incentivize
732,11200,invoice
733,88245,Tactics
734,5501,Creative
735,24018,Small
736,27300,Nevada
737,67861,Buckinghamshire
738,58924,programming
739,21332,Gourde US Dollar
740,31541,Georgia
741,95346,Personal Loan Account
742,69528,auxiliary
743,89879,indigo
744,45279,tan
745,74019,input
746,87002,Coordinator
747,41778,Future
748,97105,Mountains
749,84710,Creative
750,26805,silver
751,8384,Steel
752,55476,innovative
753,70919,actuating
754,20695,Unbranded Granite Mouse
755,99283,sky blue
756,2147,Generic Steel Keyboard
757,31863,exuding
758,27551,Fresh
759,55416,Marketing
760,70524,drive
761,10840,Kids
762,37262,Roads
763,25226,innovate
764,8739,Sierra Leone
765,67973,Team-oriented
766,21631,Hong Kong
767,23726,interface
768,30301,eyeballs
769,97634,firewall
770,23497,eyeballs
771,24272,Shoes
772,41639,Frozen
773,45309,olive
774,8396,paradigm
775,23395,silver
776,23339,Marketing
777,50677,reboot
778,53605,Infrastructure
779,39463,Licensed
780,33289,mobile
781,24329,Vision-oriented
782,6740,Corporate
783,45120,optimize
784,63781,matrix
785,63796,Cayman Islands Dollar
786,76421,Nuevo Sol
787,38327,Cambridgeshire
788,26672,New Hampshire
789,26616,Versatile
790,33529,Cheese
791,3509,input
792,54692,Mississippi
793,6750,Industrial
794,2863,program
795,89984,solid state
796,32109,Shore
797,19919,Mobility
798,54531,facilitate
799,28097,Coordinator
800,44810,initiatives
801,1645,Investor
802,12405,Rubber
803,5905,Small Granite Car
804,14222,Clothing
805,43843,web-readiness
806,82458,online
807,15914,RAM
808,2423,synthesize
809,20678,Rustic Cotton Chips
810,96048,Forward
811,5089,Angola
812,40094,Hungary
813,93613,overriding
814,85329,instruction set
815,73239,Maryland
816,35971,Home
817,73615,Small Rubber Fish
818,80031,Concrete
819,41731,Mobility
820,56033,Music
821,50004,National
822,14867,Berkshire
823,6165,Baby
