id,review_id,url
1,381,http://lorempixel.com/640/480
2,7888,http://lorempixel.com/640/480
3,48444,http://lorempixel.com/640/480
4,9822,http://lorempixel.com/640/480
5,475,http://lorempixel.com/640/480
6,30388,http://lorempixel.com/640/480
7,34664,http://lorempixel.com/640/480
8,93215,http://lorempixel.com/640/480
9,52034,http://lorempixel.com/640/480
10,67875,http://lorempixel.com/640/480
11,46104,http://lorempixel.com/640/480
12,34935,http://lorempixel.com/640/480
13,67303,http://lorempixel.com/640/480
14,84861,http://lorempixel.com/640/480
15,43432,http://lorempixel.com/640/480
16,5141,http://lorempixel.com/640/480
17,77608,http://lorempixel.com/640/480
18,70388,http://lorempixel.com/640/480
19,14529,http://lorempixel.com/640/480
20,25219,http://lorempixel.com/640/480
21,35993,http://lorempixel.com/640/480
22,12210,http://lorempixel.com/640/480
23,1794,http://lorempixel.com/640/480
24,89913,http://lorempixel.com/640/480
25,53496,http://lorempixel.com/640/480
26,68343,http://lorempixel.com/640/480
27,79804,http://lorempixel.com/640/480
28,77853,http://lorempixel.com/640/480
29,26867,http://lorempixel.com/640/480
30,49965,http://lorempixel.com/640/480
31,52920,http://lorempixel.com/640/480
32,82513,http://lorempixel.com/640/480
33,91467,http://lorempixel.com/640/480
34,8451,http://lorempixel.com/640/480
35,63847,http://lorempixel.com/640/480
36,54927,http://lorempixel.com/640/480
37,43120,http://lorempixel.com/640/480
38,11266,http://lorempixel.com/640/480
39,51908,http://lorempixel.com/640/480
40,41235,http://lorempixel.com/640/480
41,26027,http://lorempixel.com/640/480
42,56302,http://lorempixel.com/640/480
43,37156,http://lorempixel.com/640/480
44,3604,http://lorempixel.com/640/480
45,60503,http://lorempixel.com/640/480
46,74333,http://lorempixel.com/640/480
47,98918,http://lorempixel.com/640/480
48,83040,http://lorempixel.com/640/480
49,41768,http://lorempixel.com/640/480
50,8252,http://lorempixel.com/640/480
51,89868,http://lorempixel.com/640/480
52,57111,http://lorempixel.com/640/480
53,37500,http://lorempixel.com/640/480
54,29921,http://lorempixel.com/640/480
55,69513,http://lorempixel.com/640/480
56,22893,http://lorempixel.com/640/480
57,48355,http://lorempixel.com/640/480
58,68392,http://lorempixel.com/640/480
59,41628,http://lorempixel.com/640/480
60,2187,http://lorempixel.com/640/480
61,8326,http://lorempixel.com/640/480
62,17001,http://lorempixel.com/640/480
63,8445,http://lorempixel.com/640/480
64,68178,http://lorempixel.com/640/480
65,18286,http://lorempixel.com/640/480
66,89450,http://lorempixel.com/640/480
67,32999,http://lorempixel.com/640/480
68,7561,http://lorempixel.com/640/480
69,33926,http://lorempixel.com/640/480
70,48036,http://lorempixel.com/640/480
71,77591,http://lorempixel.com/640/480
72,53796,http://lorempixel.com/640/480
73,19038,http://lorempixel.com/640/480
74,40538,http://lorempixel.com/640/480
75,25238,http://lorempixel.com/640/480
76,32535,http://lorempixel.com/640/480
77,19475,http://lorempixel.com/640/480
78,43287,http://lorempixel.com/640/480
79,49437,http://lorempixel.com/640/480
80,8474,http://lorempixel.com/640/480
81,73614,http://lorempixel.com/640/480
82,39762,http://lorempixel.com/640/480
83,28640,http://lorempixel.com/640/480
84,68695,http://lorempixel.com/640/480
85,11165,http://lorempixel.com/640/480
86,56499,http://lorempixel.com/640/480
87,42490,http://lorempixel.com/640/480
88,79480,http://lorempixel.com/640/480
89,74288,http://lorempixel.com/640/480
90,50751,http://lorempixel.com/640/480
91,20370,http://lorempixel.com/640/480
92,48037,http://lorempixel.com/640/480
93,68010,http://lorempixel.com/640/480
94,52541,http://lorempixel.com/640/480
95,30544,http://lorempixel.com/640/480
96,90952,http://lorempixel.com/640/480
97,41488,http://lorempixel.com/640/480
98,61673,http://lorempixel.com/640/480
99,57224,http://lorempixel.com/640/480
100,65825,http://lorempixel.com/640/480
101,23383,http://lorempixel.com/640/480
102,77594,http://lorempixel.com/640/480
103,51205,http://lorempixel.com/640/480
104,54904,http://lorempixel.com/640/480
105,68263,http://lorempixel.com/640/480
106,42933,http://lorempixel.com/640/480
107,3644,http://lorempixel.com/640/480
108,64330,http://lorempixel.com/640/480
109,17222,http://lorempixel.com/640/480
110,12289,http://lorempixel.com/640/480
111,24479,http://lorempixel.com/640/480
112,89470,http://lorempixel.com/640/480
113,12755,http://lorempixel.com/640/480
114,17784,http://lorempixel.com/640/480
115,61415,http://lorempixel.com/640/480
116,73946,http://lorempixel.com/640/480
117,20641,http://lorempixel.com/640/480
118,40336,http://lorempixel.com/640/480
119,15027,http://lorempixel.com/640/480
120,92301,http://lorempixel.com/640/480
121,50807,http://lorempixel.com/640/480
122,4644,http://lorempixel.com/640/480
123,73526,http://lorempixel.com/640/480
124,23432,http://lorempixel.com/640/480
125,91760,http://lorempixel.com/640/480
126,54815,http://lorempixel.com/640/480
127,3513,http://lorempixel.com/640/480
128,33292,http://lorempixel.com/640/480
129,61897,http://lorempixel.com/640/480
130,18787,http://lorempixel.com/640/480
131,26042,http://lorempixel.com/640/480
132,86852,http://lorempixel.com/640/480
133,519,http://lorempixel.com/640/480
134,6962,http://lorempixel.com/640/480
135,43736,http://lorempixel.com/640/480
136,71853,http://lorempixel.com/640/480
137,53518,http://lorempixel.com/640/480
138,8651,http://lorempixel.com/640/480
139,51525,http://lorempixel.com/640/480
140,61781,http://lorempixel.com/640/480
141,92431,http://lorempixel.com/640/480
142,11786,http://lorempixel.com/640/480
143,183,http://lorempixel.com/640/480
144,27075,http://lorempixel.com/640/480
145,1136,http://lorempixel.com/640/480
146,47452,http://lorempixel.com/640/480
147,14083,http://lorempixel.com/640/480
148,4718,http://lorempixel.com/640/480
149,89985,http://lorempixel.com/640/480
150,62936,http://lorempixel.com/640/480
151,93718,http://lorempixel.com/640/480
152,9434,http://lorempixel.com/640/480
153,46141,http://lorempixel.com/640/480
154,14628,http://lorempixel.com/640/480
155,40499,http://lorempixel.com/640/480
156,73621,http://lorempixel.com/640/480
157,56731,http://lorempixel.com/640/480
158,74978,http://lorempixel.com/640/480
159,67637,http://lorempixel.com/640/480
160,7697,http://lorempixel.com/640/480
161,63280,http://lorempixel.com/640/480
162,58181,http://lorempixel.com/640/480
163,83943,http://lorempixel.com/640/480
164,79179,http://lorempixel.com/640/480
165,74787,http://lorempixel.com/640/480
166,94540,http://lorempixel.com/640/480
167,90705,http://lorempixel.com/640/480
168,12097,http://lorempixel.com/640/480
169,72782,http://lorempixel.com/640/480
170,94084,http://lorempixel.com/640/480
171,15324,http://lorempixel.com/640/480
172,70774,http://lorempixel.com/640/480
173,26054,http://lorempixel.com/640/480
174,11491,http://lorempixel.com/640/480
175,8031,http://lorempixel.com/640/480
176,88421,http://lorempixel.com/640/480
177,71936,http://lorempixel.com/640/480
178,83418,http://lorempixel.com/640/480
179,21933,http://lorempixel.com/640/480
180,34422,http://lorempixel.com/640/480
181,27661,http://lorempixel.com/640/480
182,97918,http://lorempixel.com/640/480
183,76000,http://lorempixel.com/640/480
184,41192,http://lorempixel.com/640/480
185,32729,http://lorempixel.com/640/480
186,89652,http://lorempixel.com/640/480
187,9635,http://lorempixel.com/640/480
188,21342,http://lorempixel.com/640/480
189,38237,http://lorempixel.com/640/480
190,7781,http://lorempixel.com/640/480
191,29187,http://lorempixel.com/640/480
192,83388,http://lorempixel.com/640/480
193,73042,http://lorempixel.com/640/480
194,54103,http://lorempixel.com/640/480
195,87315,http://lorempixel.com/640/480
196,51160,http://lorempixel.com/640/480
197,41711,http://lorempixel.com/640/480
198,41831,http://lorempixel.com/640/480
199,2875,http://lorempixel.com/640/480
200,36168,http://lorempixel.com/640/480
201,39869,http://lorempixel.com/640/480
202,50,http://lorempixel.com/640/480
203,29790,http://lorempixel.com/640/480
204,17892,http://lorempixel.com/640/480
205,63214,http://lorempixel.com/640/480
206,38885,http://lorempixel.com/640/480
207,99572,http://lorempixel.com/640/480
208,68246,http://lorempixel.com/640/480
209,29140,http://lorempixel.com/640/480
210,50890,http://lorempixel.com/640/480
211,61915,http://lorempixel.com/640/480
212,78878,http://lorempixel.com/640/480
213,38846,http://lorempixel.com/640/480
214,85429,http://lorempixel.com/640/480
215,76057,http://lorempixel.com/640/480
216,83611,http://lorempixel.com/640/480
217,13040,http://lorempixel.com/640/480
218,76777,http://lorempixel.com/640/480
219,84088,http://lorempixel.com/640/480
220,63307,http://lorempixel.com/640/480
221,64339,http://lorempixel.com/640/480
222,25482,http://lorempixel.com/640/480
223,8200,http://lorempixel.com/640/480
224,35577,http://lorempixel.com/640/480
225,33207,http://lorempixel.com/640/480
226,10090,http://lorempixel.com/640/480
227,8619,http://lorempixel.com/640/480
228,22187,http://lorempixel.com/640/480
229,97706,http://lorempixel.com/640/480
230,54185,http://lorempixel.com/640/480
231,82376,http://lorempixel.com/640/480
232,6725,http://lorempixel.com/640/480
233,65523,http://lorempixel.com/640/480
234,85915,http://lorempixel.com/640/480
235,30738,http://lorempixel.com/640/480
236,29441,http://lorempixel.com/640/480
237,10525,http://lorempixel.com/640/480
238,37340,http://lorempixel.com/640/480
239,24985,http://lorempixel.com/640/480
240,76428,http://lorempixel.com/640/480
241,93003,http://lorempixel.com/640/480
242,39592,http://lorempixel.com/640/480
243,61369,http://lorempixel.com/640/480
244,80889,http://lorempixel.com/640/480
245,32249,http://lorempixel.com/640/480
246,25752,http://lorempixel.com/640/480
247,29685,http://lorempixel.com/640/480
248,40598,http://lorempixel.com/640/480
249,71904,http://lorempixel.com/640/480
250,36734,http://lorempixel.com/640/480
251,15736,http://lorempixel.com/640/480
252,1868,http://lorempixel.com/640/480
253,67118,http://lorempixel.com/640/480
254,26588,http://lorempixel.com/640/480
255,40969,http://lorempixel.com/640/480
256,46605,http://lorempixel.com/640/480
257,39010,http://lorempixel.com/640/480
258,71486,http://lorempixel.com/640/480
259,77050,http://lorempixel.com/640/480
260,51654,http://lorempixel.com/640/480
261,59042,http://lorempixel.com/640/480
262,46882,http://lorempixel.com/640/480
263,46817,http://lorempixel.com/640/480
264,14318,http://lorempixel.com/640/480
265,6412,http://lorempixel.com/640/480
266,30287,http://lorempixel.com/640/480
267,48383,http://lorempixel.com/640/480
268,80139,http://lorempixel.com/640/480
269,48749,http://lorempixel.com/640/480
270,28936,http://lorempixel.com/640/480
271,61989,http://lorempixel.com/640/480
272,55972,http://lorempixel.com/640/480
273,83124,http://lorempixel.com/640/480
274,21569,http://lorempixel.com/640/480
275,77662,http://lorempixel.com/640/480
276,70416,http://lorempixel.com/640/480
277,52813,http://lorempixel.com/640/480
278,86820,http://lorempixel.com/640/480
279,80663,http://lorempixel.com/640/480
280,86417,http://lorempixel.com/640/480
281,22848,http://lorempixel.com/640/480
282,90063,http://lorempixel.com/640/480
283,95565,http://lorempixel.com/640/480
284,1179,http://lorempixel.com/640/480
285,5134,http://lorempixel.com/640/480
286,19398,http://lorempixel.com/640/480
287,85878,http://lorempixel.com/640/480
288,40224,http://lorempixel.com/640/480
289,47539,http://lorempixel.com/640/480
290,76533,http://lorempixel.com/640/480
291,7087,http://lorempixel.com/640/480
292,93938,http://lorempixel.com/640/480
293,61165,http://lorempixel.com/640/480
294,3918,http://lorempixel.com/640/480
295,83141,http://lorempixel.com/640/480
296,38711,http://lorempixel.com/640/480
297,68256,http://lorempixel.com/640/480
298,33001,http://lorempixel.com/640/480
299,89427,http://lorempixel.com/640/480
300,76851,http://lorempixel.com/640/480
301,31488,http://lorempixel.com/640/480
302,75073,http://lorempixel.com/640/480
303,31985,http://lorempixel.com/640/480
304,26170,http://lorempixel.com/640/480
305,80476,http://lorempixel.com/640/480
306,52896,http://lorempixel.com/640/480
307,6439,http://lorempixel.com/640/480
308,53550,http://lorempixel.com/640/480
309,79509,http://lorempixel.com/640/480
310,82564,http://lorempixel.com/640/480
311,56026,http://lorempixel.com/640/480
312,35984,http://lorempixel.com/640/480
313,95826,http://lorempixel.com/640/480
314,82327,http://lorempixel.com/640/480
315,62097,http://lorempixel.com/640/480
316,43453,http://lorempixel.com/640/480
317,26039,http://lorempixel.com/640/480
318,52504,http://lorempixel.com/640/480
319,71046,http://lorempixel.com/640/480
320,81526,http://lorempixel.com/640/480
321,44061,http://lorempixel.com/640/480
322,35909,http://lorempixel.com/640/480
323,2876,http://lorempixel.com/640/480
324,85454,http://lorempixel.com/640/480
325,67757,http://lorempixel.com/640/480
326,50436,http://lorempixel.com/640/480
327,68426,http://lorempixel.com/640/480
328,24939,http://lorempixel.com/640/480
329,48270,http://lorempixel.com/640/480
330,90567,http://lorempixel.com/640/480
331,53461,http://lorempixel.com/640/480
332,59519,http://lorempixel.com/640/480
333,14467,http://lorempixel.com/640/480
334,9327,http://lorempixel.com/640/480
335,29869,http://lorempixel.com/640/480
336,82086,http://lorempixel.com/640/480
337,99300,http://lorempixel.com/640/480
338,61405,http://lorempixel.com/640/480
339,118,http://lorempixel.com/640/480
340,79466,http://lorempixel.com/640/480
341,99718,http://lorempixel.com/640/480
342,47759,http://lorempixel.com/640/480
343,59335,http://lorempixel.com/640/480
344,54337,http://lorempixel.com/640/480
345,23305,http://lorempixel.com/640/480
346,70875,http://lorempixel.com/640/480
347,24636,http://lorempixel.com/640/480
348,71092,http://lorempixel.com/640/480
349,45693,http://lorempixel.com/640/480
350,6076,http://lorempixel.com/640/480
351,94283,http://lorempixel.com/640/480
352,80138,http://lorempixel.com/640/480
353,50221,http://lorempixel.com/640/480
354,66650,http://lorempixel.com/640/480
355,17067,http://lorempixel.com/640/480
356,32035,http://lorempixel.com/640/480
357,23904,http://lorempixel.com/640/480
358,60255,http://lorempixel.com/640/480
359,39450,http://lorempixel.com/640/480
360,35891,http://lorempixel.com/640/480
361,10847,http://lorempixel.com/640/480
362,60286,http://lorempixel.com/640/480
363,55350,http://lorempixel.com/640/480
364,67228,http://lorempixel.com/640/480
365,11969,http://lorempixel.com/640/480
366,45931,http://lorempixel.com/640/480
367,4240,http://lorempixel.com/640/480
368,26155,http://lorempixel.com/640/480
369,88252,http://lorempixel.com/640/480
370,54243,http://lorempixel.com/640/480
371,90581,http://lorempixel.com/640/480
372,55670,http://lorempixel.com/640/480
373,39403,http://lorempixel.com/640/480
374,81491,http://lorempixel.com/640/480
375,63064,http://lorempixel.com/640/480
376,9655,http://lorempixel.com/640/480
377,98228,http://lorempixel.com/640/480
378,10433,http://lorempixel.com/640/480
379,90248,http://lorempixel.com/640/480
380,89083,http://lorempixel.com/640/480
381,43540,http://lorempixel.com/640/480
382,29630,http://lorempixel.com/640/480
383,46635,http://lorempixel.com/640/480
384,35140,http://lorempixel.com/640/480
385,19690,http://lorempixel.com/640/480
386,62668,http://lorempixel.com/640/480
387,72945,http://lorempixel.com/640/480
388,66661,http://lorempixel.com/640/480
389,81781,http://lorempixel.com/640/480
390,84388,http://lorempixel.com/640/480
391,82519,http://lorempixel.com/640/480
392,63585,http://lorempixel.com/640/480
393,43169,http://lorempixel.com/640/480
394,69448,http://lorempixel.com/640/480
395,35050,http://lorempixel.com/640/480
396,91536,http://lorempixel.com/640/480
397,75342,http://lorempixel.com/640/480
398,88807,http://lorempixel.com/640/480
399,29907,http://lorempixel.com/640/480
400,58399,http://lorempixel.com/640/480
401,67057,http://lorempixel.com/640/480
402,227,http://lorempixel.com/640/480
403,45692,http://lorempixel.com/640/480
404,67021,http://lorempixel.com/640/480
405,9133,http://lorempixel.com/640/480
406,5787,http://lorempixel.com/640/480
407,92713,http://lorempixel.com/640/480
408,74082,http://lorempixel.com/640/480
409,17518,http://lorempixel.com/640/480
410,50927,http://lorempixel.com/640/480
411,59444,http://lorempixel.com/640/480
412,71258,http://lorempixel.com/640/480
413,65505,http://lorempixel.com/640/480
414,22999,http://lorempixel.com/640/480
